<?xml version="1.0" encoding="iso-8859-1"?>
<qmodule type="module" version="1.0.0">
	<name>Bank Wire Transfer</name>
	<type>payment</type>
	<id>pay_bank</id>
	<author>C97.net</author>
	<copyright>C97.net. All rights reserved.</copyright>
	<license>Commercial</license>
	<authorEmail>contact@c97.net</authorEmail>
	<authorUrl>www.c97.net</authorUrl>
	<version>1.0.0</version>
	<description>A payment gateway for Bank Wire Transfer.</description>
	<install>
		<query></query>
	</install>
	<uninstall>
		<query></query>
	</uninstall>
	<config>
		<configId>bankname</configId>
		<configValue>My Bank</configValue>
		<configId>bankaddress</configId>
		<configValue></configValue>
		<configId>bankcode</configId>
		<configValue>Bank code (BIC/IBAN/SWIFT)</configValue>
		<configId>account</configId>
		<configValue>1234567890</configValue>
		<configId>holder</configId>
		<configValue>My Name</configValue>
	</config>
</qmodule>